Name,Angklung/Kulintang Ensemble,Art and Crafts,Artistic Gymnastics,Artistic Swimming,Audio Visual Aid,Badminton,Ballet,Basketball,Bowling,Boys' Brigade,Brass Band,Ceramics,Cheerleading,Chinese Calligraphy and Brush Painting,Chinese Chess,Chinese Culture and Language,Chinese Dance,Chinese Drums,Chinese Orchestra,Chinese Weiqi,Choir,Comics and Illustration,Community Service,Concert Band,Cricket,Cultural Dance,Dance - International,Debating and Public Speaking,Design and Innovation,Digital Media,Dikir Barat,English Culture and Language,English Drama,"English Language, Drama and Debating",Ensemble -Mixed Instrument,Entrepreneurship,Environmental Science,Fencing,Floorball,Food and Consumer Education,Football,Gamelan Ensemble,Girl Guides,Girls' Brigade,Golf,Green Club,Guitar Ensemble,Guzheng Ensemble,Handbell Ensemble,Harmonica Ensemble,Health and Fitness,Hockey,Home Economics,Indian Dance,Infocomm Technology,Innovators' Club,International Chess,Journalism,Lion and Dragon Dance,Malay Dance,Mathematics,Media Resource Library,Mind Sports Club,Modern Dance,Modular CCA,Netball,Outdoor Activities Club,Outdoor Adventure,Percussion Ensemble,Photo and Video Society,Photography,Physical Science,Pop and Jazz,Publication,Red Cross Youth,Rhythmic Gymnastics,Robotics,Rockwall Climbing,Rope Skipping,Rugby,Sailing,Scouts,Sepaktakraw,Silat,Softball,Speech and Drama,Strategy Games,String Ensemble,Student Leadership,Swimming,Table Tennis,Taekwondo,Tap Dance,Tchoukball,Tennis,Track and Field,Ukulele Ensemble,Volleyball,Western Orchestra,Wushu
Admiralty Primary School,,1.0,,,,,,,,,,,,,,,1.0,,,,1.0,,,,,,,,1.0,,,,,1.0,,,1.0,,,,1.0,,1.0,,,,1.0,1.0,,,,,,1.0,1.0,,,,,1.0,,,,,1.0,,,,,,1.0,,,,,,,,1.0,,,1.0,,,,,,,,,,,,,,1.0,,,,1.0
Ahmad Ibrahim Primary School,1.0,1.0,,,,1.0,,,,,,,,,,,1.0,,,,1.0,,,,,,,,,,,,,,,,,,,,,,,,,,,,,1.0,,,,1.0,,,,,,1.0,,,,,,,,,,,1.0,,,,,,1.0,,1.0,,,1.0,,,,,,,,,,,,,,,,,,
Ai Tong School,,1.0,,,,1.0,,,,,,,,,,,1.0,,,,1.0,,,,,,,,,,,,,,,,,,,,,,1.0,,,,,1.0,,,,,,,,,,,,,,,,,,,,,,,,,,,,,1.0,,,,,1.0,,,,,,,,,1.0,,,,,1.0,,1.0,,1.0
Alexandra Primary School,,1.0,,,,1.0,,1.0,,,,,1.0,,,1.0,,1.0,,,1.0,,,,,,,,,,,,1.0,,,,1.0,,,,,,,,,,,,,,,,,,1.0,,1.0,,,,,,,1.0,,,,,,,,,,,,,1.0,,,1.0,,1.0,,,1.0,,,,,,1.0,,,,,1.0,,,,
Anchor Green Primary School,,,,,,,,1.0,,,,,,,,,,1.0,,,1.0,,,,,,,,,,,,1.0,,,,1.0,,1.0,,,,,,,,,1.0,,,,,,,1.0,,1.0,,,,,,,1.0,,1.0,,,,,,,,,,,1.0,,,,,1.0,,,,,,,,,,,,,,,,,,1.0
Anderson Primary School,1.0,1.0,,,,1.0,,1.0,,1.0,1.0,,,,,,,,,,,,,,,,,,,,,,1.0,,,,,,,,1.0,,,1.0,,,1.0,1.0,,,,,,,1.0,,,,,,,,,,,,,,,,,,,,,,1.0,,,,,,,,,,,,,,,,,,,,,1.0,,
Ang Mo Kio Primary School,,1.0,,,,1.0,,1.0,,,1.0,,,,,,,,,,,,,,,,,,,,,,1.0,,,,,,,,1.0,,,,,,,,,,,,,,1.0,,,,,,,,,1.0,,,,,,,,,,,1.0,,1.0,,,,,1.0,,,,,,,,,1.0,,,,,1.0,,,,
Anglo-Chinese School (Junior),,1.0,,,,1.0,,,1.0,1.0,,,,,,,,,,,1.0,,,1.0,,,,,,,,,,,,,,,,,1.0,,,,,,,,,,,,,,,,1.0,,,,,,,1.0,,,,,,,,1.0,,,,,,,,1.0,1.0,1.0,,,,,,1.0,,,1.0,,,,1.0,,,,,
Anglo-Chinese School (Primary),,1.0,,,1.0,1.0,,1.0,1.0,1.0,,,,,,,,,,,1.0,,,,,,,,,,,,,,,,,,1.0,,1.0,,,,,,1.0,,,,,,,,1.0,,1.0,,,,,,,1.0,,,,,,,,1.0,,,,,1.0,,,1.0,,1.0,,,,,,1.0,,1.0,,,,,1.0,1.0,,,,
Angsana Primary School,,1.0,,,,1.0,,,,,,,,,,,,,,,1.0,,,1.0,,,,,,,,,,,,,,,,,1.0,,,,,,,,,,,,,,1.0,,,,,,,,,1.0,,1.0,,,,,,1.0,,,1.0,,,,,,,1.0,,,,,,,1.0,,,,,,,,,,,1.0
Beacon Primary School,,1.0,,,,,,1.0,,,,,,,,,,,,,1.0,,,,,,,,,,,,,,,,1.0,,,,1.0,,,,,,,,,,,,,,,,,,,,,,,,,1.0,,1.0,1.0,,,,,,,,1.0,,,,,1.0,,,,,,,,,,,,1.0,,,1.0,,,1.0
Bedok Green Primary School,1.0,1.0,,,,1.0,,1.0,,,,,,,,,1.0,,,,1.0,,,,,,,,,,,,1.0,,,,,,,,1.0,,1.0,,,,,1.0,,,,,,,1.0,,,,,1.0,,,,,,,,,,,,,,,,,,,,1.0,,1.0,,,,,,,,,,,,,,,,,,
Bendemeer Primary School,,,,,,,,,,,,,,,,,1.0,,,,,,,1.0,,,,,,,,,,,,,,,,,,,,,,,,,,,,,,1.0,,,,,,1.0,,,,,,,,,,,,,,,,,,,1.0,,,,1.0,,,,,,,,,,,,,,,,,1.0
Blangah Rise Primary School,,1.0,,,,1.0,,1.0,,,,,,,,,,,,,,,,,,,,,,,,,,,,,,,,,1.0,,,,,,,,,,,,,,1.0,,,,,,,,,1.0,,,,,,,,1.0,,,1.0,,,,,,,1.0,,,,,,,,,,,,,,,,,,
Boon Lay Garden Primary School,,1.0,,,1.0,,,,1.0,,,,,,,,1.0,,,,1.0,,,,,,,,1.0,,,,,,,,1.0,,1.0,,,,,,,,,,,,,,,1.0,,,,,,1.0,,,,,,,,,,,,,,,1.0,,,,,,,1.0,,,,,,,,,,1.0,,,,1.0,,,,1.0
Bukit Panjang Primary School,,1.0,,,,1.0,,1.0,,,,,,1.0,,,1.0,1.0,,,1.0,,,1.0,,,,,,,,,1.0,,,,1.0,,,,1.0,,,,,,,,,,,1.0,,,1.0,,,,,1.0,,,,1.0,,,,,,,,,,,1.0,,1.0,,,,,1.0,,,,,,,,,1.0,,,,,,,,,1.0
Bukit Timah Primary School,,1.0,,,,1.0,,1.0,,1.0,1.0,,,,,,,,,,1.0,,,,,,,,,,,,1.0,,,,1.0,,,,1.0,,,,,,,,,,,,,,1.0,,,,,,,,,1.0,1.0,,,,,,,,,,,,,,,1.0,,1.0,,,,,,,,,,,,1.0,,,,,,1.0
Bukit View Primary School,1.0,1.0,,,,1.0,,1.0,,,,,,,,,1.0,,,,1.0,,1.0,,,,,,,,,,1.0,,,,,,,,1.0,,,,,,,,,,,,,1.0,1.0,,,,,1.0,,,,,,1.0,,,,,,,,,1.0,,,,,,,,,,,,1.0,,1.0,,,,,,,,,,,1.0
CHIJ (Katong) Primary,,1.0,1.0,,,1.0,,,1.0,,,,,,,,,,,,1.0,,,,,,,,,,,,,,,,,,,,,,1.0,,,,,,1.0,,,,1.0,,1.0,,,,,,,,,1.0,1.0,1.0,,,,,,,,,,,,,,,1.0,,,,,1.0,,,,,,,,,,1.0,,,,
CHIJ (Kellock),,1.0,1.0,,,,,,,,,1.0,,,,,,,,,1.0,,,,,,,,,,,,,,,,,,,,,,1.0,,,,,,,,,,1.0,,,,,,,,,,,,,1.0,,,,,,,,,,1.0,,,,,,,,,,,,1.0,,,,,,,,,,,,
CHIJ Our Lady Queen of Peace,,1.0,,,,,,,,,,,,,,,1.0,,,,1.0,,,,,,,,,,,,1.0,,,,,,,,,,1.0,,,,,,,,,,,,,,,,,,,,,1.0,,1.0,,,,,,1.0,,,,,,,,,,,,,1.0,,,,,,,,,,,,,,,
CHIJ Our Lady of Good Counsel,,1.0,,,,1.0,,,1.0,,,,,,,,,,,,1.0,,,,,,,,,,,,1.0,,,,,,,,,,1.0,,,,,,,,,,,,1.0,,,,,,,,,1.0,,1.0,,,,,,,,,,1.0,1.0,,,,,,,,,,,,,,,,,,,,,,,
CHIJ Our Lady of the Nativity,,1.0,,,,,,,1.0,,1.0,,,,,,,,,,1.0,,,,,,,,,,,,,,,,,,1.0,,,,1.0,,,,,,,,,,,,,,,,,,,,,1.0,,1.0,,,,,,,,,,,,,,,,,,,,,,,,,1.0,,,,,,,,,
CHIJ Primary (Toa Payoh),,1.0,1.0,,,,,,,,,,,,,,,,,,1.0,,,,,,,,,1.0,,,,,,,,1.0,,,,,1.0,,,,,,1.0,,,,,,,,,,,,,,,,,1.0,,,,,,,,,,,,,,,,,,,,,,,,1.0,,,,,1.0,,,,,
CHIJ St. Nicholas Girls' School (Primary Section),,1.0,1.0,,1.0,1.0,,,,,,,,,,1.0,1.0,,,,1.0,,,,,,,,,,,,1.0,,,,,,,,,,1.0,,,,,1.0,,,,,,,,1.0,,,,,,1.0,,,,1.0,,,,,,,,,,1.0,,,,,,,,,,,,,,,1.0,,,,,1.0,,,,
Canberra Primary School,,1.0,,,,1.0,,1.0,,,,,,,,,1.0,,,,1.0,,,1.0,,,,,,,,,,1.0,,,,,1.0,,1.0,,1.0,,,,,,,,,,1.0,1.0,1.0,,,,,1.0,,1.0,,,,,,,,,,,,,,,1.0,,,,,1.0,,,,,,,,,,,,,,1.0,,,,
Canossa Catholic Primary School,,1.0,,,,,,,,,,,,,,,,,,,1.0,,,,,,,,,,,,,,,,,,,,,,1.0,,,,1.0,,,,,,,,1.0,,,,,,,,,1.0,1.0,,,,,,,,,,,,,,,,,1.0,,,,,,,,,,1.0,,,,1.0,,,,
Cantonment Primary School,,,,,,1.0,,1.0,,,,,,,,,,,,,1.0,,,,,,,,,,,,,,,,,,,,1.0,,,,,,1.0,,,,,1.0,,,1.0,,,,,,,,,,,,,,,,,1.0,,,,,,,,,,1.0,,,,,,,,,,,,,,,,1.0,,1.0
Casuarina Primary School,,1.0,,,,1.0,,,,,,,,,,,1.0,,,,1.0,,,1.0,,,,,,,,,,,,,1.0,,1.0,,1.0,,1.0,,,,,,,,,,,,1.0,,,,,1.0,,,,1.0,,,,,,,,,,,,,,,,1.0,,1.0,,,,,,,,,,,,,,,,,,1.0
Catholic High School (Primary Section),,,,,,,,1.0,,,,,,,,,,,1.0,,1.0,,,1.0,,,,,,,,,,,,,,,,,,,,,,,,,,,,,,,1.0,,,,,,,,,1.0,1.0,,,,,,,,,,,,,,,,,1.0,,,1.0,,,,,,1.0,,,,,,,1.0,,1.0
Cedar Primary School,,1.0,,,,,,,,1.0,1.0,,,,,,,,,,,,1.0,,,,,,1.0,,,,,1.0,,,,,,,1.0,,,1.0,,,,,,,,,,,1.0,,,,,,,,,1.0,1.0,,,1.0,,,,,,,,,1.0,,,,,,,,1.0,,,,,,,,,,,1.0,,,,
Changkat Primary School,,1.0,,,,,,1.0,,,,,,,,,,,,,1.0,,,,,,,,,,,,,,,,,,,,,,,,,,1.0,,,,,,,,,,,,,,,,,1.0,1.0,,,,,,,,,,,,,,,,,,,,,,,,1.0,,,,,,,1.0,,,,1.0
Chongfu School,,1.0,,,,,,,,,,,,,,,,,1.0,,,,,,,,,,,,,1.0,,,,,1.0,,1.0,,,,1.0,,,,,1.0,,,,,,,1.0,,,,,1.0,,,,1.0,,,,1.0,1.0,,,,,,1.0,,,,,,,1.0,,,,1.0,,,1.0,,1.0,,,,,1.0,,,,1.0
Chongzheng Primary School,1.0,1.0,,,,,,,,,,,,,,,1.0,,,,1.0,,,,,,,,,1.0,,,,,,,1.0,,,,,,1.0,,,,,,,,,1.0,,1.0,,,,,,1.0,,,,1.0,1.0,,,,,,,,,,,,,,,1.0,,1.0,,,,1.0,,,,,,,,,,,,,,1.0
Chua Chu Kang Primary School,,1.0,,,,1.0,,1.0,,,,,,,,,1.0,,,,1.0,,,,,,,,,,,,1.0,,,,1.0,,1.0,,1.0,,,,,,,,,,,,,1.0,,,,,,1.0,,,,,,,,,1.0,,,,,,,,1.0,,,,,1.0,,,,,,,,,,,,,,,,,,
Clementi Primary School,,1.0,,,,1.0,,1.0,,,1.0,,,,,,1.0,,,,1.0,,,,,,,,,,,,,1.0,,,1.0,,1.0,,1.0,,1.0,,,,,,,,,,,1.0,1.0,,1.0,,,1.0,,,,1.0,,,,,,,,,,,,,1.0,,1.0,,,,,,,,,,,,,1.0,,,,,,,,
Compassvale Primary School,,1.0,,,,,,1.0,,,1.0,,,,,,1.0,,,,,,,,,,,,,,,,,1.0,,,,,,,1.0,,,,1.0,,,,,1.0,,,,1.0,,,,,,1.0,,,,,,1.0,,,,,,1.0,,,1.0,,1.0,,,,,,,,,,,,,,,,,,,1.0,,,,1.0
Concord Primary School,,,,,,1.0,,,,,1.0,,,,,,,,,,1.0,,,,,,,,,,,,,,,,,,1.0,,,,,,,,,,,,,,,1.0,,,,,,,,,,,,,,,,,,,,,,,,,,,,,1.0,,,,,,,,,,,,,,,1.0,,
Corporation Primary School,,1.0,,,,,,1.0,,,,,,,,,1.0,,,,1.0,,,,,,,,,,,,,,,,1.0,,,,1.0,,1.0,,,,,,,,,,,,,,,,,1.0,,,,1.0,,1.0,,,1.0,,,,,,1.0,,,,,,,,,,,,,,,,,,,,,,,1.0,,
Damai Primary School,,1.0,,,,,,,,,,,,,,,1.0,,,,,,,,,,,,,,,,,,,,1.0,,1.0,,,,1.0,,,,,,,,,,,,,,,,,1.0,,,,1.0,,,,,,,1.0,,,,1.0,,1.0,,,1.0,,,,,,,,,,,,,,,,,,,,1.0
Dazhong Primary School,,,,,,,,,,,,,,,,,,,,,1.0,,,,,,,,,,,,,,,,,,,,1.0,,1.0,,,,,,,,,,,,,,,,,,,,,1.0,,1.0,,,,,,,,,,,,,,,,1.0,,,,,,,1.0,,,,,,,,,,1.0,1.0
De La Salle School,,1.0,,,,,,1.0,,,,,,,,,,,,,1.0,,,,,,,,,,,,,,,,,,,,,,1.0,,,,,,,,,,,,,,,,,,,,,,,,,,,,,,,,,,1.0,,,1.0,,1.0,,,,,,,,,,,,,,,,,,1.0
East Spring Primary School,,1.0,,,,,,,,,,,,,,,1.0,,,,,,,,,,,,,,,,,,,,,,,,1.0,,,,,,,1.0,,,,,,1.0,,,,,,1.0,,,,,,,,,,,,1.0,,,,,,,,,,1.0,,,,,,,,,,,,,,,,1.0,,1.0
Edgefield Primary School,1.0,1.0,,,,,,,,,,,,,,,,,,,1.0,,,,,,,,,,,,,,,,,1.0,,,1.0,,,,,,,,,,,,,,1.0,,,,,1.0,,,,,,,,,,,,1.0,,,,,,,1.0,,,,,,,,,,,,,,,,,,,,,
Elias Park Primary School,,,,,,,,,,,,,,,,,,,1.0,,1.0,,,,,,,,,,,,,,,,,,,1.0,,,,,,,,,,,,,,,1.0,,,,,,,,,1.0,,,,,,,,,,,,,,,,,,1.0,,,,,,,,,1.0,,,,,,,1.0,,
Endeavour Primary School,,1.0,,,,1.0,,1.0,,,,,,,,,1.0,,,,1.0,,,,,,,,,,,,1.0,,,,,,1.0,,,,1.0,,,,1.0,1.0,,,,,,,1.0,,,,,1.0,,,,,,,,,,,,,,,,,,,,1.0,1.0,1.0,,,,,,,,,1.0,,,,,,,1.0,,1.0
Evergreen Primary School,,,,,,1.0,,,,,,,,,,,1.0,,,,,,,,,,,,,,,,,,,,,,,,1.0,,,,,,,,,,,,,1.0,,,,,,1.0,,,,,,1.0,,,,,,,,,,,,,,,,1.0,,,,,,,,,,,,,,,,,,
Fairfield Methodist School (Primary),,1.0,,,,1.0,,1.0,,1.0,,,,,,,1.0,,,,1.0,,,1.0,,,,,,,,,,,,,,,,,1.0,,,1.0,,,,,1.0,,,,,,,,,,,,,,,,1.0,,,,,,,,,,1.0,,,,,,,,,,,,,,,,,,,,,,,1.0,,
Farrer Park Primary School,,,,,,,,,,,,,,,,,,,,,,,,,,,,,,,,,,,,,,,,,,,,,,,,,,,,,,,,,,,,,,,,,,,,,,,,,,,,,,,,,,,,,,,,,,,,,,,,,,,,
Fengshan Primary School,,1.0,,,,,,1.0,,1.0,,,,,,,1.0,,,,1.0,,,1.0,,,,,,,,,,,,,1.0,,,,1.0,,1.0,,,,,,,,1.0,,,1.0,,,,,,1.0,,,,,,1.0,,,,,1.0,,,,1.0,,,,,,,1.0,,,,,,,1.0,,,,,,,,,,,1.0
Fern Green Primary School,,1.0,,,,,,1.0,,,,,,,,,,,,,1.0,,,,,,,,,,,,1.0,,,,,,,,1.0,,,,,,,,,,,,,,1.0,,,,,,,,,1.0,,,1.0,,,,,,,,,,,,,,,1.0,,,,,,,,,,,,1.0,,,,,,
Fernvale Primary School,,1.0,,,,1.0,,1.0,,,,,,,,,,,,,,,,,,,,,,,,,,,,,1.0,,1.0,,,,,,,,1.0,1.0,,,,,,1.0,1.0,,,,,,,,,,,,,,1.0,,,,,,,,,,,,,1.0,,,,,,,,,,,,,,,,,,1.0
First Toa Payoh Primary School,,,,,,,,1.0,,1.0,,,,,,,,,,,1.0,,,,,,,,,,,,,,,,,,,,1.0,,1.0,1.0,,,,,,,,,,,,,,,,,,,,,,,,,,,,,,,,,,,,,,1.0,,,,,,,,,,,,,,,,,,
Frontier Primary School,,1.0,,,,1.0,,1.0,,,,,,,,,1.0,,,,1.0,,,,,,,,1.0,,,,,,,,1.0,,,,,,,,,,,,,,,,,,,,,,,,,,,1.0,,,,,,,,,,,1.0,,,1.0,,1.0,,1.0,,,1.0,,,1.0,1.0,,,,,,,,,,,
Fuchun Primary School,,1.0,,,,1.0,,1.0,,,1.0,,,,,,,,,,1.0,,,,,,,,,,,,,,,,1.0,,,,1.0,,,,,,,,,,,,,,1.0,,,,,,,,,1.0,,,,,,,,,,,,,,,,,,1.0,,,,,,1.0,,,,,,,,,,,,
Fuhua Primary School,,1.0,,,,1.0,,,,,1.0,,,,,,1.0,,,,1.0,,,,,,,,1.0,,,,,,,,1.0,,,,1.0,,,,,,,1.0,,,,,,,1.0,,,,,,,,,1.0,,1.0,,,,,,,,,,,,,,,,,,,,,,,,,,,,,,,,,,
Gan Eng Seng Primary School,,1.0,,,,1.0,,1.0,,1.0,1.0,,,,,,1.0,,,,1.0,,,,,,,,,,,,,,,,1.0,,1.0,,1.0,,1.0,,,,,,,,,,,1.0,1.0,,,,,1.0,,,,,,,,,,,,,,,,,,,,,,1.0,1.0,,,,,,,,,,,,,,,,,
Geylang Methodist School (Primary),1.0,1.0,,,,1.0,,1.0,,1.0,,,,,,,,,,,1.0,,,,,,,,,,,1.0,,,,,1.0,,,,1.0,,,1.0,,,,1.0,1.0,,,,,,,,,,,,,,,1.0,,1.0,,,,,,,,,,,,,1.0,,,,,,,,,,,,,,,,,,,,,
Gongshang Primary School,,1.0,,,,1.0,,1.0,,,,,,,,,,,,,,,,,,,,,,,,,,,,,1.0,,1.0,,,,,,,,,,1.0,,,,,,1.0,,,,,,,,,1.0,,,,,,,,,,,,,,,,,,1.0,,,,,,1.0,,,,,,,,1.0,,,,1.0
Greendale Primary School,,,,,,1.0,,,,1.0,,,,1.0,,,,,,,1.0,,,,,,,,,,,,,,,,,,,,,,,1.0,,,1.0,,,,,,,,1.0,,1.0,,,,,,,,,1.0,,,,,,,,,1.0,,,,,,,,,,1.0,,,,,,1.0,,,,,,,1.0,,1.0
Greenridge Primary School,,1.0,,,,1.0,,1.0,,1.0,1.0,,,,,,1.0,,,,,,,,,,,,,,,,1.0,,,,,,,,1.0,,,1.0,,,,,,,,,,,1.0,,,,,1.0,,1.0,,,,1.0,,,,,,1.0,,,,,1.0,1.0,,,,1.0,,,,,,,1.0,,,,,,,,,,,1.0
Greenwood Primary School,1.0,1.0,,,,,,1.0,,,,,,,,,1.0,1.0,,,1.0,,,,,,,,,,,,,1.0,,,1.0,,,,,,1.0,,,,,,,,,,,1.0,1.0,,,,,1.0,,,,,,,,,,,,,,,,,,,1.0,1.0,,1.0,,,,,,1.0,,,,,,,,1.0,,1.0,,
Haig Girls' School,,1.0,,,,1.0,,,1.0,,,,,,,,1.0,,,,1.0,,,,,,,,,,,,,1.0,,,,,,,1.0,1.0,1.0,,,,,,1.0,,,,,1.0,,,,,,,,,,1.0,,1.0,,,,,,1.0,,,1.0,,,,,,,,,,,,,,,,,,,,,,,,,1.0
Henry Park Primary School,,1.0,1.0,,,1.0,,,,,,,,,,,1.0,,1.0,,1.0,,,,,,,,,,,,,,,,,,,,1.0,,1.0,1.0,,,,,,,,,,,,,,,,,,,,1.0,1.0,1.0,,,,,,,,,,,,,,,,1.0,,,,,,1.0,,,1.0,,,,1.0,1.0,,,,
Holy Innocents' Primary School,,1.0,,,,1.0,,1.0,,,,,,,,1.0,1.0,,1.0,1.0,1.0,,,,,,,,,,,,,,,,,,,,1.0,,1.0,,,,,1.0,,,,,,,1.0,,,,,,,1.0,,,,,,1.0,,,,1.0,,,1.0,,1.0,,1.0,,,,,,,,,,,,,,,,,,,,,1.0
Hong Wen School,,1.0,,,,1.0,,1.0,,,,,,1.0,1.0,,1.0,1.0,1.0,1.0,1.0,,,,,,,,,,,,,,,,1.0,,,,1.0,,,,,,,1.0,,,,,,,1.0,,,,,,,,,,,,,,,,,,,,,,,,1.0,,,,,,,,,,,,1.0,,,,,,,,,1.0
Horizon Primary School,,1.0,,,,1.0,,1.0,1.0,,,,,,,,,,,,,,1.0,,,,,1.0,1.0,,,,,,,,1.0,,,,1.0,,,,,,1.0,,,,,,,,1.0,,1.0,,,,,,,1.0,,,,,,,,,,,,,1.0,,1.0,,,1.0,,,,1.0,,,1.0,1.0,,,1.0,,,,,,,1.0
Hougang Primary School,1.0,1.0,,,,,1.0,,,,1.0,,,,,,1.0,,,,,,,,,,,,,,,,1.0,,,,,,,,1.0,,,,,,,1.0,,,1.0,1.0,,1.0,1.0,,,,,1.0,,1.0,,,,,,,,,1.0,,,,,,,1.0,,,,1.0,,,,,,,,,,,,,,,,1.0,,1.0
Huamin Primary School,1.0,1.0,,,,1.0,,,1.0,,,1.0,,,,,1.0,,,,,,,,,,,,,,,,1.0,,,,,,1.0,,,,,,,,1.0,,,,,1.0,,1.0,,,,,,,,1.0,,,,,,,,,,,,,,,1.0,,,,,1.0,,,,,,,,,,,,,,,,,,
Innova Primary School,,1.0,,,,,,,,,,,,,,,1.0,,,,1.0,,,,,,,,,,,,,1.0,,,1.0,,,,,,1.0,,,,,,,1.0,,,,,,,,,,1.0,,,,,,,,,,,,,,,1.0,,,,,,,,,,,,,,,,1.0,,,,,1.0,,1.0,,1.0
Jiemin Primary School,1.0,1.0,,,,,,1.0,,,,,,,,,1.0,,,,,,,,,,,,,,,,,,,,,,1.0,,,,,,,,,1.0,,,,,,,,,,1.0,,1.0,,,,1.0,1.0,,,,,,,,,,1.0,,1.0,,,,,,,,,,,,,,,1.0,,,,,,,,
Jing Shan Primary School,,1.0,,,,1.0,,1.0,,,,,,,,,,,,,,,,,,1.0,,,,,,,,,,,1.0,,,,1.0,,1.0,,,,,1.0,,,,,,,1.0,,,,,,,,,1.0,,,,,,,,,,,,,1.0,,1.0,,,,,,,,,,,,,,,,,,,,,
Junyuan Primary School,,1.0,,,,,,,,,,,,,,,1.0,,,,1.0,,,,,,,,,,,,,,,,1.0,,1.0,,,,,,,,,,,,,,,,1.0,,,,,1.0,,1.0,,1.0,,,,,,,,,1.0,,,,,,,,,1.0,,,,1.0,,,,,,1.0,,1.0,,,,1.0,,
Jurong Primary School,,1.0,,,,1.0,,1.0,,,,,,,,,,,,,,,,,,1.0,,,,1.0,,,,,,,1.0,,1.0,,1.0,,1.0,,,,,1.0,,,,,,,,,,,,,,,,1.0,,1.0,,1.0,1.0,,,,,,,,1.0,,,,,1.0,,,,,,,,,,,,,,1.0,,,,
Jurong West Primary School,,1.0,,,,1.0,,1.0,,,,,,,,,1.0,,,,1.0,,,1.0,,,,,,,,,,,,,,,,,1.0,,,,,,,,,,,1.0,,,,,,,,,,,,,,1.0,,,,,,,,,,,,,,,,1.0,,,,,,,,,,,,,,1.0,,,,
Keming Primary School,,1.0,,,,1.0,,,,1.0,,,,,,,1.0,,,,,,,,,,,,,,,,,,,,,,1.0,,,,,1.0,,,,,,,,,,,1.0,,,,,,,,,,,,,,,,,,,,,,,,,,,1.0,,,,,,,,,,,,,,,,,,1.0
Kheng Cheng School,1.0,1.0,,,,,,1.0,,,,,,,,,,,1.0,,1.0,,,,,,,,,,,,,,,,,,,,,,,,,,,,,,,,,,1.0,,,,,,,,,,,,,,,,,,,,1.0,,,,,,,,,,,,,,,,,,,,,,,,,
Kong Hwa School,,1.0,,,,1.0,,1.0,,,,,,1.0,1.0,,1.0,,1.0,1.0,1.0,,,,,,,,,,,,,,,,,,,,,,1.0,,,,,1.0,,,,,,,,,,,,,,,,,,1.0,,,,,,,,,,,,,,,,1.0,,,,,,,,,1.0,,,1.0,,,,,,1.0
Kranji Primary School,,1.0,,,,,,1.0,,,,,,,,,,,,,,,,,,,,,,,,,,,,,,,,,1.0,,,,,,,,,,,,,,1.0,,,,,,,,,1.0,,,,,1.0,,,1.0,,,,,,,,,,1.0,,,,,,,,,,,,,,,,,,
Kuo Chuan Presbyterian Primary School,,1.0,1.0,,,1.0,,1.0,,1.0,,,,,,,1.0,,,,1.0,,,1.0,,,,,,1.0,,,1.0,,,,,,,,1.0,,,1.0,,,1.0,,,,,,,,,,,,,,,,,,,,,,,,,1.0,,,,,,,1.0,,,,,,,,1.0,,,1.0,1.0,,,,,1.0,,,,
Lakeside Primary School,,1.0,,,,,,,,,,,,,,,1.0,,,,1.0,,,1.0,,,,,,,1.0,,,,,,1.0,,,,1.0,,,,,,,1.0,,1.0,,,,1.0,1.0,,,,,1.0,,1.0,,,,,,,,,,,,,,,,,1.0,,,1.0,,,,1.0,,,1.0,,,,,,,,,1.0,,1.0
Lianhua Primary School,,1.0,,,,,,1.0,,,,,,,,,1.0,,,,,,,,,,,,,1.0,,,,,,,,,,,1.0,1.0,,,,,,,1.0,,,,,1.0,,,,,,1.0,,,,1.0,,,,,1.0,,,1.0,,,,,1.0,,,,,1.0,,,,,,,,,,,,,,,,1.0,,
Maha Bodhi School,,1.0,,,,1.0,,1.0,,,,,,,1.0,1.0,1.0,,1.0,,1.0,,,1.0,,,,1.0,,,,,,,,,,,,,,,,,,,,1.0,,,,,1.0,1.0,,,,,1.0,,,1.0,,,,,,,,,,1.0,,,,,1.0,,,,,1.0,,,,,,,,,,,,1.0,,,,,,1.0
Maris Stella High School (Primary Section),,1.0,,,,1.0,,1.0,1.0,,,,,,1.0,,,,,,,,,1.0,,,,,,,,,,,,,1.0,,,,,,,,,,,,,,,,,,,,1.0,,,,1.0,,,,1.0,,,,,,,1.0,,,,,,1.0,,,,1.0,,,1.0,1.0,,1.0,1.0,,1.0,1.0,,,,,,,,1.0
Marsiling Primary School,,1.0,,,,,,,,,,,,,,,1.0,,,,1.0,,,,,,,,,,,,,,,,1.0,,,,,,1.0,,,,,,,,,,,,1.0,,,,,1.0,,,,,1.0,,,,1.0,,,,,,,,,,,1.0,,1.0,,,,1.0,,,,,,1.0,,1.0,,1.0,,,,
Marymount Convent School,,1.0,1.0,,,,,,,,,,,,,,,,,,1.0,,,,,,,,,,,,1.0,,,,1.0,,,,,,1.0,,,,,,,,,,,,,,,,,,,,,1.0,,1.0,,,,,,,,,,1.0,,,,,,,,,,,,,,,,,,,1.0,,,,,
Mayflower Primary School,,1.0,,,,,,,,1.0,,,,,,,1.0,,,,1.0,,,,,,,,,,,,1.0,,,,1.0,,,,,,,1.0,,,,1.0,,,,,,1.0,1.0,,,,,1.0,,,,,,1.0,,,,,,,,,,,,,,,,1.0,,,,,,1.0,,,,1.0,,,,1.0,,1.0,,
Mee Toh School,,1.0,,,,1.0,,1.0,,,,,,,,,1.0,,1.0,,1.0,,,,,,,,,,,,1.0,,,,1.0,,1.0,,,,,,,,,,,,,,,,1.0,,,,,1.0,,1.0,,1.0,,,,,,,,,,1.0,,,1.0,,,,,1.0,,,,,,,,,,,,,,,,,,1.0
Meridian Primary School,,,,,,,,,,,,,,,,,,,,,,,,,,,,,,,,,,,,,,,,,,,,,,,,,,,,,,,,,,,,,,,,,,,,,,,,,,,,,,,,,,,,,,,,,,,,,,,,,,,,
Methodist Girls' School (Primary),,1.0,1.0,1.0,,,,,1.0,,,,,,,,,,,,1.0,,,,,,,,,,,,,,,,,,1.0,,,,1.0,1.0,,,,,1.0,,,,,,1.0,,,,,,,,,1.0,,1.0,,,,,,,,,,1.0,,,,,,,,,1.0,,,,,1.0,,,,,1.0,,,,,
Montfort Junior School,,1.0,,,,1.0,,,,,,,,,,,,,,,,,,,,,,,,,,,,,,,,,,,1.0,,,,,,1.0,,,,,,,,,,,,,,,,,1.0,,,,,,,,,,,,,1.0,,,,,1.0,,,,,,,,,1.0,1.0,,,,,,,,
Nan Chiau Primary School,,1.0,,,,1.0,,1.0,,,,,,,,,,,,,1.0,,,,,,,,,1.0,,,,,,,1.0,,,,1.0,,1.0,,,,,1.0,,,,,,,,,,,,,,,,,,1.0,,,,,,,,,,,1.0,,,,,1.0,,,,,,,,,1.0,,,,,1.0,,,,1.0
Nan Hua Primary School,,,,,,,,,,,,,,,,,,,,,,,,,,,,,,,,,,,,,,,,,,,,,,,,,,,,,,,,,,,,,,,,,,,,,,,,,,,,,,,,,,,,,,,,,,,,,,,,,,,,
Nanyang Primary School,,1.0,1.0,,,1.0,,1.0,,1.0,,,,1.0,,,1.0,,1.0,,1.0,,,,,,,,,,,,,,,,,,,,1.0,,1.0,1.0,,,,,,,,,,,,,1.0,,,,,,,,,,,,,,,,,,,,1.0,,,,,1.0,,,,,,1.0,,,1.0,,,,1.0,1.0,,,,1.0
Naval Base Primary School,,1.0,,,,,,1.0,,1.0,,,,,,,,,,,,,,1.0,,,,,,,,,,,,,,,,,1.0,,,1.0,,,,,,,,,,,,,,,,,,,,,,,,,,,,,,,1.0,,,,,,,,,,,,,,,,,1.0,,,,,,,,
New Town Primary School,,1.0,,,,1.0,,1.0,,,1.0,,,,,,1.0,,,,1.0,,,,,,,,,,,,,,,,,,,,1.0,,1.0,,,,,,,,,,,,1.0,,,,,1.0,,,,1.0,,1.0,,,,,,,,,1.0,,1.0,,,,,,,,,1.0,,,,,,,,,,,,,,
Ngee Ann Primary School,,1.0,,,,1.0,,,,,,,,,,,1.0,,1.0,,1.0,,,,,,,,,,,,,1.0,,,,,1.0,,1.0,,1.0,,,1.0,,1.0,,,,,,1.0,1.0,,,,,1.0,,,,,1.0,,,,,,,,,,,,,,,,,1.0,,,,,,,1.0,,1.0,,,,,1.0,,,,1.0
North Spring Primary School,,1.0,,,,1.0,,1.0,,,,1.0,,,,,,,,,1.0,,,,,,,,,,,,1.0,,,,,,,,1.0,,1.0,,,,1.0,,,,,,,,,,,,,,,,,,,,,,,,,,,,,,,,,,,1.0,,,,,,1.0,,,,,1.0,,,,,,,1.0
North View Primary School,,1.0,,,,,,1.0,,1.0,,,,,,,1.0,,,,1.0,,,,,,,,,,,,1.0,,,,,,1.0,,1.0,,,1.0,,,,,,,,,,,1.0,,,,,1.0,,,,1.0,,,,1.0,,,,1.0,,,,,,,,,,1.0,,,,,,,,,,,,,,,,,,
North Vista Primary School,,1.0,,,,,,,,1.0,,,,,,,1.0,,,,1.0,,,,,,,,,,,1.0,,,,,1.0,,,,,,,1.0,,,,,,,,,,,,,,,,,,,,,,,,,,,,,,,,,,,,1.0,,1.0,,,1.0,,,,,,,,,,,,,,,
Northland Primary School,,1.0,,,,,,1.0,,,,,,,,,1.0,,,,1.0,,,,,,,,,,,,,,,,,,,,1.0,,1.0,,,,,,1.0,,,,,,,,1.0,,,,,1.0,,,,1.0,,,,,,,,,,,,,,,,1.0,,1.0,,,,1.0,,,,,,,,1.0,,,,1.0
Northoaks Primary School,,,,,,,,,,,,,,,,,,,,,,,,,,,,,,,,,,,,,,,,,,,,,,,,,,,,,,,,,,,,,,,,,,,,,,,,,,,,,,,,,,,,,,,,,,,,,,,,,,,,
Northshore Primary School,,,,,,,,,,,,,,,,,,,,,,,,,,,,,,,,,,,,,,,,,,,,,,,,,,,,,,,,,,,,,,,,,,,,,,,,,,,,,,,,,,,,,,,,,,,,,,,,,,,,
Oasis Primary School,,,,,,,,,,,,,,,,,,,,,,,,,,,,,,,,,,,,,,,,,,,,,,,,,,,,,,,,,,,,,,,,,,,,,,,,,,,,,,,,,,,,,,,,,,,,,,,,,,,,
Opera Estate Primary School,,,,,,,,,,,,,,,,,,,,,,,,,,,,,,,,,,,,,,,,,,,,,,,,,,,,,,,,,,,,,,,,,,,,,,,,,,,,,,,,,,,,,,,,,,,,,,,,,,,,
Palm View Primary School,,1.0,,,,1.0,,1.0,,,,,,,,,,,,,1.0,,,,,,,,,,,,1.0,,,,,,,,1.0,,,,,,,,,,,,,,,,,,,,,,,1.0,,1.0,,,,,,1.0,,,1.0,,1.0,,,,,,,,,,,1.0,1.0,,1.0,,,,,,,,,
Park View Primary School,,1.0,,,,,,,,,,,,,,,,,,,1.0,,,,,,,,,,,,,1.0,,,,,,,1.0,,,,,,,1.0,,,,1.0,,,1.0,,,,,,,,,1.0,,1.0,,,,,,,,,,,,,,,,1.0,,,,,,,1.0,,,,,,,,,1.0,,1.0
Pasir Ris Primary School,,,,,,,,,,,,,,,,,,,,,1.0,,,,,,,,,,,,,,,,,,1.0,,1.0,,,,,,,1.0,,,,,,,1.0,,,,,,,,,,,1.0,,,,,,,,,,,,,,,,,,,,,,,,,,1.0,,,,,,,,1.0
Paya Lebar Methodist Girls' School (Primary),1.0,1.0,,,,1.0,,,,,,,,,,,,,,,1.0,,,,,,,,,,,,,,,,1.0,,,,,,,1.0,,,,,1.0,,,,,,1.0,,,,,,,,,1.0,1.0,,,,,,,,,,,1.0,,,1.0,,,,,,,,,1.0,,,1.0,,,,,1.0,,,,
Pei Chun Public School,,1.0,,,,,,1.0,,,,,,1.0,,,1.0,,1.0,1.0,1.0,,,,,,,,,,,,,,,,,,,,,,1.0,,,,,,,,,,,,,,,,,,,,,,,,,,,,,,,,,,,,,,,1.0,,,,,,,,,1.0,,,,,,,1.0,,1.0
Pei Hwa Presbyterian Primary School,,1.0,,,,,,,,1.0,,,,,,1.0,1.0,1.0,,,1.0,,,,,,,,,,,,,,,,,,,,,,,1.0,,,1.0,1.0,,,,,,,,,,,,,,,,,,,,,,,,,,,,1.0,1.0,,,,,,,,,,,,,,1.0,,,1.0,,1.0,,,,1.0
Pei Tong Primary School,1.0,1.0,,,,1.0,,1.0,,1.0,,,,1.0,,,,,1.0,,1.0,,,,,,,,,,,,,1.0,,,1.0,,,,,,1.0,1.0,,,,,,,,,,,1.0,,,,,,,,,1.0,,,,,,,,,,,,,,,,1.0,,,,,,,,,,,1.0,,,,,,,,,1.0
Peiying Primary School,1.0,1.0,,,,,,,,,,,,,,,,,,,1.0,,,,,,,,,,,,1.0,,,,,,,,,,1.0,,,,,,,,,,,,1.0,,,,,,,,,1.0,,1.0,,1.0,,,,1.0,,,1.0,,,,,,,,1.0,,,,,,,,,,,,,,,1.0,,
Poi Ching School,,1.0,,,,1.0,,1.0,,,1.0,,,1.0,,,1.0,1.0,1.0,,,,,,,,,,,,,,,,,,,,,,,,1.0,,,,,,,,,,,,1.0,,,,,,,,,,,,,1.0,,,,1.0,,,,,,,,,,1.0,,,,,,,,,1.0,,,,,,,1.0,,1.0
Princess Elizabeth Primary School,,,,,,,,,,,,,,,,,,,,,,,,,,,,,,,,,,,,,,,,,,,,,,,,,,,,,,,,,,,,,,,,,,,,,,,,,,,,,,,,,,,,,,,,,,,,,,,,,,,,
Punggol Cove Primary School,,1.0,,,,1.0,,1.0,,,,,,,,,,,,,1.0,,,,,,,,,,,,1.0,,,,1.0,,1.0,,1.0,,,,,,,,,,1.0,,,,1.0,,,,,,,,,1.0,1.0,,,,,,,,,,,,,,,,,1.0,,,,,,,,,,,,,,,,,,
Punggol Green Primary School,,1.0,,,,1.0,,1.0,,,,,,,,,,,,,1.0,,,,,,,,1.0,,,,1.0,,,,,,,,,,,,,,,,,,,,,,1.0,,,,,,,,,1.0,,,,,,,,,,,,,1.0,,,,,1.0,,,,,,1.0,1.0,,1.0,,,,,,,,,1.0
Punggol Primary School,1.0,1.0,,,,,,1.0,,1.0,,,,1.0,,,,,,,1.0,,,1.0,,,,,1.0,,,,,1.0,,,,,,,,,,1.0,,,,1.0,,,1.0,1.0,,,1.0,,,,,,,,,,1.0,,,,,,,,,,,,,,,,,,,,,,,,,,,,,,,,,,,
Punggol View Primary School,,1.0,,,,1.0,,,,,,,,,,,,,,,1.0,,1.0,,,,,,,,,,,,,,,,1.0,,,,,,,,,,,,,,,,,,,,,,,,,,,,,,,,,,,,,,,,,,,1.0,,,,,,,,,,,,,,,,,,1.0
Qifa Primary School,,1.0,,,,,,1.0,,,,,,,,,1.0,,,,1.0,,,,,,,,,,,,,1.0,,,,,1.0,,,,1.0,,,,,1.0,,,,,,,1.0,,,,,1.0,,,,,,,,,,,,,,,,,,,,,,1.0,,,,,,,,,1.0,,,,,,,1.0,,1.0
Qihua Primary School,,,,,,,,,,,,,,,,,,,,,,,,,,,,,,,,,,,,,,,,,,,,,,,,,,,,,,,,,,,,,,,,,,,,,,,,,,,,,,,,,,,,,,1.0,,,,,,,,,,,,,,
Queenstown Primary School,,1.0,,,,1.0,,1.0,,1.0,,,,,,,1.0,,1.0,1.0,1.0,,,,,,,,,,,,1.0,,,,1.0,,,,1.0,,,1.0,,,,,,,,,,1.0,1.0,,,,,1.0,1.0,,,1.0,,,,,,,,,,,,,,,,,,,,,1.0,,,,,1.0,,,,,,,,,,
Radin Mas Primary School,,1.0,,,,,,1.0,,1.0,,,,,,,1.0,,1.0,,1.0,,,,,,,,,,,,,,,,,,,,1.0,,,1.0,,,,,,,,1.0,,,,,,,,,,,,,,,,,,,,,,,,,,,,1.0,,1.0,,,,,,,,,1.0,,,,,,,,,
Raffles Girls' Primary School,,1.0,,,,1.0,,1.0,,,,,,,,,1.0,,,,1.0,,,1.0,,,,,,,,,1.0,,,,,,,,,,1.0,1.0,,,,,,,,,,,,,1.0,,,,,,,,,,,,,,,,,,,1.0,,,,,,,,,1.0,,,1.0,,,1.0,,,,1.0,,,,,
Red Swastika School,,1.0,,,,1.0,,,1.0,,,,,,,1.0,1.0,,1.0,,,,,,,,,,1.0,,,,,,,,,,,,,,1.0,,,,,1.0,,,,,,,,,,,,,,,,1.0,,,,,,,,,,,,,1.0,,,,,1.0,,,,,,,,,1.0,,,,,1.0,,,,1.0
River Valley Primary School,,1.0,,,,1.0,,1.0,,,,,,,,,,,,,1.0,,,,,,,,,,,,1.0,,,,,,1.0,,1.0,,1.0,,,,,,,,,,,,1.0,,,,,,,,,,,1.0,,,,,,,,,1.0,,,,,,,1.0,,,,,,,,,,,,,,,,1.0,,1.0
Riverside Primary School,,1.0,,,,1.0,,1.0,,,,,,,,,,,,,1.0,,,,,,,,,,,,1.0,,,,1.0,,1.0,,1.0,,,,,,,,,,,,1.0,,,,,,,,,,,1.0,,1.0,,,,,,,,,,,1.0,,,,,1.0,,,,,,1.0,,,,,,,,1.0,,,,
Rivervale Primary School,,1.0,,,,1.0,,1.0,,,1.0,,,,,,,,,,1.0,,,,,,,1.0,,,,,,,,,,,,,1.0,,,,,,,1.0,,,,1.0,,,,,,,,,,,,,,1.0,,,,,,,,,1.0,,1.0,,,,,,,,,,,,,,,1.0,,,,,,,,
Rosyth School,,1.0,,,,1.0,,1.0,,,,,,,,,1.0,,1.0,,1.0,1.0,,1.0,,,,1.0,,,,,,1.0,,,1.0,,,,1.0,,1.0,,,,,,,,,,,1.0,1.0,,1.0,,,1.0,1.0,,,,,,,,,,,,,,,,1.0,,,,,1.0,,,,,,,,,,,,,1.0,1.0,,,,
Rulang Primary School,,1.0,,,,1.0,,1.0,,,,,,,,,1.0,,1.0,,1.0,,,,,,,,,,,,,,,,1.0,,,,,,1.0,,,,,,,,,,,,1.0,,,,,1.0,,,,,,,,,,,,,,,,,1.0,,1.0,,,1.0,,,1.0,,,,1.0,,,,,,,,,1.0,,1.0
Sembawang Primary School,,1.0,,,,,,,1.0,,,,,,,,1.0,,1.0,,1.0,,,,,,,,,,,,1.0,,,,,,,,,,,,,,,,,,,,,1.0,1.0,,1.0,,,1.0,,1.0,,,,,,,,,,1.0,,,1.0,,,,,1.0,,,,,1.0,,,,,,1.0,,,,,1.0,,,,
Seng Kang Primary School,,,,,,,,,,,,,,,,,,,,,,,,,,,,,,,,,,,,,,,,,,,,,,,,,,,,,,,,,,,,,,,,,,,,,,,,,,,,,,,,,,,,,,,,,,,,,,,,,,,,
Sengkang Green Primary School,,1.0,,,,,,1.0,,,,,,,,,1.0,,,,1.0,,,,,,,,,1.0,,,1.0,,,,1.0,,1.0,,1.0,,,,,,,1.0,,,,,,1.0,,,,,,,,,,1.0,,,,,,,,,,,,,1.0,,,,,1.0,,,,,,1.0,,,,,,,,,,,,1.0
Shuqun Primary School,,1.0,,,,,,1.0,,1.0,1.0,,,,,,,,,,1.0,,,,,,,,,,,,,,,,1.0,,,,1.0,,1.0,1.0,,,,,,,,,,,,,,,,,,1.0,,1.0,,1.0,,,,,,,,1.0,,,,,,,,1.0,,1.0,,,,,,,,,,,,,,,,1.0
Si Ling Primary School,,1.0,,,,,,1.0,,,,,,,,,,,,,1.0,,,,,,,,,,,,,,,,1.0,,1.0,,1.0,,1.0,,,,1.0,,,,,,,,,,,,,,,,,,,,,,,,,,,,,,,,,,,,,,,,,,,,,,,,,,,,,
Singapore Chinese Girls' Primary School,,1.0,1.0,,,1.0,,,,,,,,,,1.0,,,,,1.0,,,,,,,,,,,,1.0,,,,,,,,,,1.0,,,,,,1.0,,,,,,1.0,,,,,,,,,1.0,1.0,,,,,,,,,,,,1.0,,,,,,,,,,,1.0,,1.0,,,,,1.0,,,,,
South View Primary School,,1.0,,,,1.0,,,,1.0,,,,,,,1.0,,1.0,,1.0,,,,,,,,,1.0,,,,,,,,,1.0,,1.0,,,1.0,,,,,,,,,,1.0,,,,,,1.0,,1.0,,,1.0,1.0,,,,,,1.0,,,,,1.0,,,,,1.0,,,,,,,1.0,,,,,,,,,,,
Springdale Primary School,,1.0,1.0,,,1.0,,1.0,,,,,,,,,,,,,1.0,,,,,,,,1.0,,,,,,,,1.0,,1.0,,,,,,,,,,,,,,,,1.0,,,,,,,,,1.0,1.0,,,1.0,,,,,,,,,,,,,,1.0,,,,,,,,,,,,,,,1.0,,,
St. Andrew's Junior School,,1.0,,,,1.0,,1.0,,1.0,,,,,,,,,,,1.0,,,1.0,,,,,,1.0,,,,,,,1.0,,,,,,,,,,,,,,,1.0,,,,,1.0,,,,,,,,1.0,,,,,,,,,,,,,,,1.0,,1.0,,,,,,,,1.0,,,,,,,,,,
St. Anthony's Canossian Primary School,,1.0,,,,,,,,,,,,,,,1.0,,,,1.0,,,1.0,,,,,,,,,,,,,,,1.0,,,,1.0,,,,,,,,,,,,1.0,,,,,,,,,1.0,,1.0,,,,,,,,,,,,,,,,,,,,,,,,,,1.0,,,,1.0,,,,
St. Anthony's Primary School,,1.0,,,,1.0,,,,,1.0,,,,,,1.0,,,,1.0,,,,,,,,,,,,,1.0,,,1.0,,1.0,,1.0,,1.0,,,,,,,,,,,,1.0,,,,,,,,,1.0,1.0,,,,,,,,,,,,1.0,,,,,1.0,,,,,,,,,,,,1.0,,,,,,
St. Gabriel's Primary School,,1.0,,,,1.0,,1.0,,,1.0,,,,,,,,,,,,,,,,,,,,,,,,,,,,,,1.0,,,,1.0,,,,,,,,,,1.0,,,,,,,,,,,,,,,,,1.0,,,,,1.0,,,,,1.0,,,,,,,,,,,,,,1.0,,,,1.0
St. Hilda's Primary School,,1.0,,,,,,,,1.0,,,,,,,,,,,1.0,,,,,,,,,,,,1.0,,,,,,,,,,,1.0,,,,1.0,,,,1.0,,,1.0,,1.0,,,,,1.0,,1.0,,1.0,,,,,,,,,,,,,,,1.0,,,,,,,1.0,,,1.0,,,,,,,1.0,,
St. Joseph's Institution Junior,,1.0,,,,1.0,,,1.0,,,,,,,,,,,,1.0,,,,,,,,,,,,,,,,,,,,1.0,,,,,,,,,,,,,,,,1.0,,,,,,,1.0,,,,,,,,,,,,,1.0,,,,,1.0,,,,,,,,,,,,,1.0,,,,,
St. Margaret's Primary School,,,,,,,,,1.0,,,,,,,,1.0,,,,1.0,,,,,,,,,,,,,,,,,,,,,,1.0,1.0,,,,,,,,,,,,,,,,,,,,,,1.0,,,,,,,,,,,,,,,,,,,,,,,,,,,,,1.0,,,,,
St. Stephen's School,,1.0,,,,1.0,,1.0,,,1.0,,,,,,,,,,,,,,1.0,,,,,,,,,,,,,,1.0,,1.0,,,,,,,,,,,,,,1.0,,,,,,,,,1.0,,,,,,,,1.0,,,,,1.0,,,,,1.0,,,,,,,,,,,,,,1.0,,,,
Tampines North Primary School,1.0,1.0,,,,1.0,,1.0,,,,,,,,,,,,,1.0,,,,,,,,,,,,,,,,,,,,1.0,,1.0,,,,,,,,,,,1.0,1.0,,,,,1.0,,,,,,,,,,,,,,,,,,,,,,1.0,,,,,,,,,,,,,,,,,,1.0
Tampines Primary School,,1.0,,,,,,1.0,,,,,,,,,,,,,1.0,,,,,,,,,,,,1.0,,,1.0,,,1.0,,1.0,,1.0,,,,,1.0,,,,,,1.0,1.0,,,,,1.0,,,,1.0,1.0,,,,,,,,,,,,,,,,,1.0,,,,,,,,,,,,,,,,,,
Tanjong Katong Primary School,,1.0,,,,,,,,,,,,,,,1.0,,,,1.0,,,,,,,,,,,,,,,,,,1.0,,1.0,,,,,,,,,,,,,,1.0,,,,,1.0,,,,1.0,,1.0,,,,,,,,,,,,,,,,1.0,,,,,,,,,,,,,,,,,,
Tao Nan School,,1.0,,,,1.0,,1.0,,1.0,,,,,,,,,1.0,,1.0,,,,,,,,,,,,,,,,,,,,,,1.0,1.0,,,,1.0,,,,,,,,,,,,,,1.0,,,,1.0,,,,,,1.0,,,,,,,,,1.0,1.0,,,,,,,,,,,,,,1.0,,,,1.0
Teck Ghee Primary School,,1.0,,,,,,1.0,,,,,,,,,1.0,,,,1.0,,,,,,,,,,,,,,,,1.0,,,,,,1.0,,,,,1.0,,,1.0,,,,1.0,,,,,,,,,1.0,,,,,,,,,,,,,1.0,,1.0,,,1.0,,,,,,,,,,,,,,,,1.0,,
Teck Whye Primary School,,,,,1.0,1.0,,1.0,,,,,,,,,,,,,1.0,,,,,,,,,,,1.0,,,,,1.0,,,,1.0,,,,,,,,,,,,,,1.0,,,,,,,,,,1.0,,,,,,,,,,,,,,,,,1.0,,,,1.0,,,1.0,,,,,,,1.0,,,,
Telok Kurau Primary School,,1.0,,,,,,1.0,1.0,,,,,,,,1.0,,,,1.0,,,,,,,1.0,,,,,,,,,,,,,1.0,,1.0,,,,,1.0,,,,,,1.0,,,,,1.0,1.0,,,,,,,,,,,,,,,1.0,,1.0,,,,,1.0,,,,,1.0,,,,,,,,,,,,,1.0
Temasek Primary School,,1.0,,,,1.0,,,,,,,,,,,,,,,1.0,,,,,,,,,,,1.0,,,,,,,,,1.0,,1.0,,,,1.0,,,,,,,,1.0,,,,,,,,,1.0,,1.0,,,,,,,,,,,1.0,,,,,1.0,,,,,,,,,,1.0,,,,1.0,,,,
Townsville Primary School,1.0,1.0,,,,1.0,,,,1.0,,,,,,,1.0,,,,1.0,,,,,,,,,,,,,,,,,,1.0,,1.0,,,1.0,,,,,,,,,,1.0,1.0,,,,,1.0,,,,,,,,,,,,,,,,,1.0,,,,,,,,,,,,,,,1.0,,,,,,,,
Unity Primary School,1.0,1.0,,,,1.0,,1.0,,,,,,,,,1.0,,,,1.0,,,,,,,,,,,,,1.0,,,1.0,,1.0,,1.0,,,,,,,,,,,,,,1.0,,,,,1.0,1.0,,,,,1.0,,,,,,,,,,,,,,,,1.0,,,,,,,,,,,,,,,,,,
Valour Primary School,,,,,,,,,,,,,,,,,,,,,,,,,,,,,,,,,,,,,,,,,,,,,,,,,,,,,,,,,,,,,,,,,,,,,,,,,,,,,,,,,,,,,,,,,,,,,,,,,,,,
Waterway Primary School,,1.0,,,,,,1.0,,,1.0,,,,,,,,,,1.0,,,,,,,,,,,,,,,,,,,,1.0,,,,,,,,,,,,,,1.0,,1.0,,,,,,,1.0,,,,,,,,,,,,,1.0,,,,,1.0,,,,,,,,,,,,,,,,,,
Wellington Primary School,,1.0,,,,1.0,,,,,,,,,,,1.0,,,,1.0,,,,,,,,,,,,,,,,,,,,1.0,,,,,,,1.0,,,,,,1.0,1.0,,,,,1.0,,,,1.0,,,,,,,,,,,,,,,,,,1.0,,,,,,,,,1.0,,,,,,,,,1.0
West Grove Primary School,,1.0,,,,1.0,,,,1.0,,,,,,,,,,,1.0,,,,,,,,,,,,,,,,1.0,,,,1.0,,1.0,1.0,,,,1.0,,,,,,,1.0,,,,,,,,,,,,,,,,,,,,,,1.0,,1.0,,,1.0,,,,,,1.0,,,,,,,,,,,,
West Spring Primary School,,1.0,,,,1.0,,1.0,,,,,,,,,,,,,1.0,,,,,,1.0,,,,,,,,1.0,,1.0,,,,1.0,,,,,,,,,,,,,,,,,,,,,,1.0,,,,1.0,,,1.0,,,,,,,1.0,,,,,,,,,,,,,,,,,,,,,,,1.0
West View Primary School,,1.0,,,,,,1.0,,,1.0,,,,,1.0,1.0,,,,,,,,,,,,,,,,,,,,,,1.0,,,,,,,,,,,,,,,,,,,,,1.0,,,,,,,,,,,,,,,,,,,,1.0,,1.0,,,,,,,,,,,,,,,,,,
Westwood Primary School,,,,,,,,,,1.0,,,,,,,1.0,,,,1.0,,,,,,,,,,,1.0,,,,,,,,,1.0,,,,,,,,,,,,,,1.0,,,,,1.0,,,,,,,,,,,,,,,,,,,,,,,,,,,,,,,,,,,,,,,,1.0
White Sands Primary School,,1.0,,,,,,,,,,,,,,,1.0,,,,1.0,,,,,,,,,,,,,,,,1.0,,,,1.0,,,,,,,1.0,,,,,,,1.0,,,,,1.0,,,,1.0,,1.0,,,,,,,,,,,,,,,,1.0,,,,,,,,,1.0,,,1.0,,,,,,
Woodgrove Primary School,,1.0,,,,1.0,,1.0,,,,,,,,1.0,1.0,,1.0,,1.0,,,,,,,,,1.0,,,1.0,,,,,,,,1.0,,1.0,,,,,,,,,,,1.0,,,,,,1.0,,,,1.0,,1.0,,,,,,,,,,,1.0,,1.0,,,1.0,,,,,,,,,1.0,,,,,,,,,
Woodlands Primary School,,1.0,,,,1.0,,,,,,,,,,1.0,1.0,,,,1.0,,,,,,,,,,,,,,,,,,,,1.0,,,,,,,,1.0,,,,,1.0,,,,,,1.0,,1.0,,,,,,,,,,,,,,,1.0,,,,,1.0,,,,1.0,,,,,,,,1.0,,,,1.0,,
Woodlands Ring Primary School,,1.0,,,,,,1.0,,,,,,,,,1.0,,,,1.0,,,1.0,,,,,,,,,,,,,,,,,1.0,,,,,,,,,,,,,1.0,,,,,,1.0,,,,,,,,,,,,1.0,,,,,,,,,,1.0,,,,,,,,,,,,,,,,,,
Xinghua Primary School,1.0,1.0,,,,,,,,1.0,,,,,,,,,,,1.0,,,,,,,,,,,,,,,,,,,,,,,1.0,,,,1.0,,,,,,,1.0,,,,,,,,,1.0,,,,,,,,,,,,,,,,,,,,,1.0,,,,,,,,,,,,,1.0,,1.0
Xingnan Primary School,,1.0,,,,1.0,,1.0,,,1.0,1.0,,,,,1.0,,,,,,,,,,,,,,,,,,,,1.0,,,,1.0,,,,,,,,,,,,,1.0,1.0,,,,,1.0,,,,,,,,,,,,,,,,,,,,,,1.0,,,,,,,,,,,,,,,,1.0,,
Xinmin Primary School,,1.0,,,,,,1.0,,,,,,,,,1.0,,,,1.0,,,,,,,,,,,,,,,,1.0,,,,1.0,,1.0,,,,,1.0,,,,,,,,,,,,,,,,1.0,1.0,,,,,,,,,,1.0,,,,,,,1.0,,,,,,,,,,,,,,,,1.0,,
Xishan Primary School,,1.0,,,,1.0,,1.0,,,,,,,,,1.0,,,,,,,,,,,,,,,,1.0,,,,1.0,,1.0,,,,,,,,,1.0,,,,1.0,,1.0,1.0,,,,,1.0,,,,,,,,,,,,,,,1.0,,,,,,,1.0,,,,,1.0,1.0,,,,,,,,,,1.0,,
Yangzheng Primary School,,1.0,,,,,,1.0,,,,,,1.0,,,1.0,,,,,,,1.0,,,,,,1.0,,,,,,,1.0,,,,1.0,,1.0,,,,,1.0,,,,,,,,,,,,,,,,1.0,,,,,,,,,,,,,,,1.0,,,1.0,,,,,,,,,,,,,,,,,,1.0
Yew Tee Primary School,1.0,1.0,,,,1.0,,,,1.0,,,,,,,,,,,1.0,,,,,,1.0,,,,,,,,,,,,1.0,,1.0,,,,,,,,,,,,,,1.0,,,,,,,1.0,,,,,,,,,,,,,,,1.0,1.0,,,,,,,,,,,,,,,,,,,,,,1.0
Yio Chu Kang Primary School,1.0,1.0,,,,,,,,,,,,,,,1.0,,,,1.0,,,,,,,,,,,,,,,,,,,,1.0,,1.0,,,,,,1.0,,,,,1.0,,,,,,1.0,,,,,1.0,,,,,,,,,,,,,,,,,1.0,,,,,,,,,,,,,,1.0,,1.0,,
Yishun Primary School,,1.0,,,,,,1.0,,,,,,,,,1.0,,,,,,,1.0,,,,,,,,,,,,,1.0,,1.0,,1.0,,,,,,,,,,,,,1.0,1.0,,1.0,,,1.0,,,,1.0,,,,,,,,,,,,,,,,,,1.0,,,,,,,,,,,,,,,,,,
Yu Neng Primary School,,1.0,,,,1.0,,,,,,,,,,,,,1.0,,1.0,,,,,,,,,,,,,,,,,,1.0,,,,,,,,,,,,,,,,1.0,,,,,1.0,1.0,,,1.0,,,,,,,,1.0,,,,,,,,,,1.0,,,,,,,,,1.0,,,,,,,1.0,,
Yuhua Primary School,1.0,1.0,,,,1.0,,1.0,,,1.0,,,,,,1.0,,,,1.0,,,,,,,,,,,,,,,,,,,,1.0,,,,,,,,,,,,,,,,,,,,,,,,,1.0,,,,,,,,,,,,,,,,1.0,,,,,,,,,,,,,,1.0,,1.0,,
Yumin Primary School,,1.0,,,,,,,,,,,,,,,,,,,1.0,,,,,,,,,,,,,,,,1.0,,,,1.0,,,,,,,1.0,,,,,,,1.0,,,,,,,,,1.0,,1.0,,,,,,,,,1.0,,,,,,,1.0,,,,,,1.0,,,,,,,,,,1.0,,
Zhangde Primary School,,1.0,,,,1.0,,1.0,,1.0,,,,,,,1.0,,,,1.0,,,,,,,,,,,,,,,,1.0,,1.0,,1.0,,,1.0,,,,,,,,,,1.0,,,1.0,,,1.0,,,,,,,,,,,1.0,,,,,,1.0,,1.0,,,,,,,,,,,,1.0,,,,,,,1.0,,1.0
Zhenghua Primary School,,1.0,,,,,,1.0,,,1.0,,,,,,1.0,,,,1.0,,,,,,,,,,,,,,,,,,1.0,,1.0,,1.0,,,,,,,,,,,1.0,,,,,,1.0,,,,,,,,,,,,,,,1.0,,1.0,,,1.0,,,,,,,,,,,,,,,,,,,,
Zhonghua Primary School,,1.0,,,,,,,,,,,,,,,1.0,,,,1.0,,,,,,,,,,,,,,,,,,,,1.0,,,,,,,,,,,,,1.0,,,,,,1.0,,,,,,,,,,,,,,,,,,,,,,1.0,,,,,,,,,,,,,,,,1.0,,
